image,score
farm9_8450_7965840962_9d2716d00e_b.jpg,4
farm1_71_215684388_85523f1f17.jpg,2
farm4_3187_2342584801_b59fa5c502.jpg,3
farm4_3579_3411237292_4e979858dc.jpg,1
farm4_3606_3474560547_c394b1c80f.jpg,2
farm4_3226_2732214189_a62b98b376.jpg,1
farm4_3025_2804398056_dd85c1ae08.jpg,2
farm4_3291_2803631682_654c12d407.jpg,4
farm5_4040_4351782223_ac1f1932d9.jpg,1
farm7_6050_6250740756_b820ae1274.jpg,4
farm3_2363_2230620246_1dc31db68e.jpg,2
farm3_2497_5719446988_22d6bd6e7d_b.jpg,1
farm3_2459_3798426839_fbe8b0a43c.jpg,1
farm1_128_366423957_44cb3ce414.jpg,4
farm8_7086_7178974543_67bd95ecfb.jpg,1
farm3_2798_4461945110_9ccaeebd0d.jpg,4
farm2_1209_848325404_63162cae40.jpg,1
farm2_1216_628161749_bf1bdefe26.jpg,1
farm5_4067_4718153006_7b8ae71e8b.jpg,5
farm8_7207_6887341771_cfee1e0e13.jpg,1
farm5_4001_4506536248_f38f2508b1.jpg,1
farm5_4134_4873476432_6f43be99fc.jpg,3
farm2_1151_1201031620_bb903d8772.jpg,2
farm1_100_262844497_cc6da2af49.jpg,2
farm9_8177_8005091245_282759d6e7.jpg,1
farm4_3123_2442301962_5c0e2a0e56_b.jpg,1
farm7_6160_6192930442_34c34c0e5c.jpg,3
farm5_4097_4779952516_be5fa2ef15.jpg,1
farm3_2115_2036044440_e8953bc7c9.jpg,3
farm4_3252_2670920442_d365b3f7f9_b.jpg,3
farm4_3610_3310731302_191cbb5041.jpg,2
farm1_198_459775676_0b241baf2c.jpg,1
farm9_8400_8709675176_98c227ebe6.jpg,3
farm4_3065_2778393891_6553de5eb2.jpg,2
farm5_4062_4716870450_e19ea96c78.jpg,4
farm5_4080_4770687377_0b3040aa8c.jpg,1
farm4_3060_3359386530_3b45a8558a.jpg,3
farm4_3507_3466299909_c531c571f7.jpg,4
farm5_4056_4672018308_58c4f6f257_b.jpg,5
farm2_1401_789944460_f18ae82e35.jpg,3
farm6_5089_5272879916_f49e2208d1.jpg,2
farm7_6109_6430042363_c19a660eaf.jpg,1
farm7_6192_6115797148_bd65b24154.jpg,1
farm7_6019_6234210205_bce85616f6.jpg,3
farm3_2721_4121963932_de39290c9b.jpg,5
farm3_2086_2968808605_86ef03fd00.jpg,1
farm5_4133_5086901910_04c60c25e6.jpg,1
farm4_3548_4555419885_940787c5a9.jpg,2
farm9_8188_8404822483_cc0d3ce04f_b.jpg,4
farm1_78_158953498_71065841c2.jpg,2
farm7_6222_6295520583_9c98d12519.jpg,2
farm9_8228_8583333463_21bdff6232.jpg,1
farm7_6163_6160128401_51473319a4.jpg,1
farm2_1228_539482906_0a5767bd54.jpg,5
farm9_8507_8362855934_7867c70e47.jpg,2
farm7_6079_6047521697_d6518cef97.jpg,3
farm4_3491_3714951565_ce136b89eb.jpg,1
farm1_77_228519008_53be7698f7.jpg,4
farm4_3192_2395851363_1e511010d1.jpg,2
farm3_2800_4145249037_9ff6ba8860.jpg,3
farm3_2346_5697285659_72bd30ddf6.jpg,3
farm4_3109_2628069019_14cf25a8ea.jpg,3
farm1_52_110158000_ffac2c2bfe_b.jpg,5
farm1_147_410558206_46de080862.jpg,3
farm8_7041_26942355763_b08628394e_b.jpg,5
farm8_7122_6933263094_76d9d1175d.jpg,2
farm3_2838_9310631327_f905180889_b.jpg,4
farm5_4052_5155760411_c9daee8761.jpg,1
farm1_33_65253447_24d396a151.jpg,2
farm9_8328_8357117079_c025322283.jpg,2
farm4_3297_3638424868_e535334a96.jpg,1
farm3_2242_1805165258_4316cd3ab8.jpg,1
farm3_2561_3898879534_b563384078.jpg,1
farm5_4110_5061934787_66a031daf2.jpg,3
farm1_54_177314986_cc0d40f5c6.jpg,2
farm3_2745_4101717306_8f39735fae.jpg,1
farm1_51_144992414_7c70924242_b.jpg,1
farm4_3412_3640057711_65baeb9d94.jpg,2
farm3_2551_3711767534_aa037f4eea.jpg,1
farm4_3750_11559231554_82fb243080_b.jpg,5
farm8_7202_6930085469_e108f24876.jpg,2
farm1_2_3479653_03c43d3508.jpg,1
farm7_6053_6329816112_1a295212d2.jpg,4
farm8_7217_7360316670_9386dd9ba1.jpg,1
farm1_52_145352768_d84b3b2456_b.jpg,4
farm8_7211_27506396316_be77b71123_b.jpg,5
farm5_4103_4842230239_a12e1ac145.jpg,2
farm3_2278_1690321000_658f20bbdc.jpg,4
farm4_3402_3653964001_e3bbf42e75.jpg,2
farm5_4073_4900242585_2a0a90b1a9.jpg,1
farm3_2300_1961784230_2c8ff498dd.jpg,1
farm8_7417_8754501052_df58775dfc.jpg,1
farm8_7561_15460898753_df46e8ef5e_b.jpg,5
farm3_2098_2893110399_4b0d0565dc.jpg,2
farm8_7213_7246465608_f34f9d6a35.jpg,4
farm1_182_478321911_34eb28c8e6.jpg,3
farm8_7067_6899936895_9c0289f14e.jpg,2
farm3_2571_3686675599_79a509b8d0.jpg,2
farm8_7238_7271626550_d2fc57d551.jpg,1
farm1_23_25729963_b287c992d4.jpg,3
