0,1
farm3_2721_4121963932_de39290c9b.jpg,5
farm4_3160_2667518236_fe8ca98f45_b.jpg,5
farm3_2633_3709621450_f8b52ffcaf.jpg,5
farm1_30_100380122_3ec666a868_b.jpg,5
farm8_7131_27285781790_519fee33b0_b.jpg,5
farm3_2493_3787015101_33506ede9e_b.jpg,5
farm6_5523_11543821183_b0e5b54535_b.jpg,5
farm8_7350_27503432116_05ea53cff6_b.jpg,5
farm8_7357_11073981953_328fe52d1a.jpg,5
farm3_2103_2363782509_19538b47dd.jpg,5
farm8_7529_16083389235_30b682bd53_b.jpg,5
farm6_5801_21940322400_82e22556fb_b.jpg,5
farm4_3638_3511033989_ebc94757b2_b.jpg,5
farm4_3672_11939262406_488c4f9281.jpg,5
farm2_1159_1171559036_4c2ed86bdc.jpg,5
farm5_4106_4970233098_ab55aff6bc_b.jpg,5
farm5_4069_4695083784_cae69cd29a.jpg,5
farm1_184_481477615_4dba086a2b.jpg,5
farm8_7646_27444504322_239b23e229_b.jpg,5
farm8_7469_16052324596_856988570c_b.jpg,5
farm7_6078_6121010812_1e49f8e960.jpg,5
farm7_6213_6219520744_9f2d3c1854.jpg,5
farm7_6209_6080573376_be544fc06e.jpg,5
farm8_7154_6397380697_5b73e7fa9b_b.jpg,5
farm8_7293_9309577148_c473f1680c_b.jpg,5
farm8_7343_26945908743_e613f23fe2_b.jpg,5
farm5_4001_4534279568_8fe67c4c78.jpg,5
farm8_7752_26956065724_9ac909f925_b.jpg,5
farm8_7414_27442709692_8e6d8abaa4_b.jpg,5
farm2_1514_23706004370_8439986856_b.jpg,5
farm4_3562_3826068994_5118c9c739.jpg,5
farm9_8297_7964992072_50c94d5a8b_b.jpg,5
farm8_7194_27432363042_5cc36e4d07_b.jpg,5
farm2_1120_3173912903_ec6da730f4_b.jpg,5
farm4_3097_2623306418_87ceaed9aa.jpg,5
farm6_5076_7244511278_25f70f84ff.jpg,5
farm8_7325_27466477772_116d0cb8af_b.jpg,5
farm6_5691_21442994208_a09e4031ca_b.jpg,5
farm8_7311_13694824514_797f971e69_b.jpg,5
farm1_49_139612849_c93ddd7efb_b.jpg,5
farm6_5458_9331841097_140805c070.jpg,5
farm8_7099_27558507055_f111ba63d5_b.jpg,5
farm8_7139_8150959266_08bbc05c03.jpg,5
farm3_2567_3936031105_021d6eb392.jpg,5
farm5_4128_5141841468_5e08988349.jpg,5
farm6_5504_10363185223_ae2f758a77_b.jpg,5
farm4_3706_13691614133_2fef1da9ca_b.jpg,5
farm9_8160_7296833894_a180c29571.jpg,5
farm4_3493_3720819887_5e761d57ac_b.jpg,5
farm8_7162_6643851405_83a4046cdd.jpg,5
farm4_3107_2845645980_1f4c229300.jpg,5
farm2_1084_1475462487_f2cf7b4a53.jpg,5
farm6_5634_23382775143_b324e3da8a_b.jpg,5
farm1_51_145127612_75e8f733d1_b.jpg,5
farm6_5836_23239605006_a4525ccba0_b.jpg,5
farm5_4120_4861859927_4cca57d14e.jpg,5
farm6_5632_21951733329_fbfe1d6cdd_b.jpg,5
farm4_3791_9309558666_863b0ac205_b.jpg,5
farm4_3043_2966602050_dbd3c5cdcc.jpg,5
farm9_8447_7983309710_1905e74e02_b.jpg,5
farm6_5301_5647508263_22de06336b.jpg,5
farm5_4006_4607493489_bb4e308a5a.jpg,5
farm8_7253_26957882363_c2f0933464_b.jpg,5
farm8_7104_7155216177_523dc948d7.jpg,5
farm8_7402_27291716760_872df07579_b.jpg,5
farm8_7108_8151075697_cb2dcc3c9d.jpg,5
farm3_2109_2316304502_4526b56fe3.jpg,5
farm5_4005_4466984906_5d90fff862.jpg,5
farm8_7129_27533371596_417dbbb9a0_b.jpg,5
farm3_2902_14194387428_9b8cebbe90_b.jpg,5
farm2_1482_23896948042_f7cb35a993_b.jpg,5
farm1_574_21449992768_b974410dbf_b.jpg,5
farm3_2230_2389895217_13f2f5a9be.jpg,5
farm6_5030_5647286447_2fe12bb556_b.jpg,5
farm3_2766_4337617284_3936a2ae7c.jpg,5
farm1_76_180972719_38962d1d63.jpg,5
farm4_3634_3293555113_3b966f3c4b.jpg,5
farm8_7406_10248436874_2b5256e984.jpg,5
farm6_5456_6950904174_9560131d76.jpg,5
farm8_7214_27437327682_7816c476cf_b.jpg,5
farm3_2418_2195112729_45c06be7b6.jpg,5
farm8_7316_26960408503_8a9333891f_b.jpg,5
farm4_3445_3752096697_6fe9b5fd84.jpg,5
farm2_1115_5097511515_aab5bb3ee1.jpg,5
farm5_4112_4980536482_c8f14413bc_b.jpg,5
farm8_7442_27458959721_c49f787a7b_b.jpg,5
farm3_2374_3541594460_a7f337cc5f.jpg,5
farm8_7604_27451133192_4a2640681a_b.jpg,5
farm4_3534_4013958818_e13772774a_b.jpg,5
farm3_2437_4014477698_97a94ab781_b.jpg,5
farm6_5769_22133620941_150d101187_b.jpg,5
farm7_6208_6040538142_dff8f1e922.jpg,5
farm8_7120_27493494071_5bc8048051_b.jpg,5
farm3_2056_2181811613_b00bec3910.jpg,5
farm4_3748_13136341214_628f4117c5_b.jpg,5
farm6_5251_5555941758_ff3a2b6c29_b.jpg,5
farm8_7426_27554134695_a96b4266e8_b.jpg,5
farm4_3905_14579756756_ea79a4756d_b.jpg,5
farm1_142_344305080_73a1f8f2de.jpg,5
farm2_1256_1166531219_c39ab657bf.jpg,5
farm9_8322_7963038904_9bb00f4024_b.jpg,5
farm8_7382_27537535305_12ccc1461d_b.jpg,5
farm4_3746_9206863987_fc10c4b62f.jpg,5
farm9_8338_8215119185_811e00ee7c.jpg,5
farm4_3750_11559231554_82fb243080_b.jpg,5
farm3_2381_2042042760_b8e824aa6e_b.jpg,5
farm8_7179_6998624749_7c0f422737.jpg,5
farm1_30_100380122_3ec666a868_b.jpg,5
farm5_4029_4710913161_8238ed8f4b_b.jpg,5
farm2_1111_627135891_3e899885fd.jpg,5
farm1_36_113038297_8ee4fc7cac_b.jpg,5
farm4_3422_3350345468_c232dfdd1a.jpg,5
farm8_7357_11073981953_328fe52d1a.jpg,5
farm1_110_256685456_0e443dc2d0.jpg,5
farm4_3206_2362088600_9c84690752_b.jpg,5
farm4_3638_3722095121_fb7720aba9_b.jpg,5
farm8_7299_27461537162_17b90dc0a5_b.jpg,5
farm8_7529_27446222812_d5bbc610af_b.jpg,5
farm8_7355_10359244205_19b4891e00_b.jpg,5
farm8_7102_27496485991_21253e1103_b.jpg,5
farm7_6021_6008779169_44570510c1.jpg,5
farm6_5836_21430912229_f1206a7afe_b.jpg,5
farm8_7646_27444504322_239b23e229_b.jpg,5
farm9_8361_8374292098_8ba25625de.jpg,5
farm7_6078_6121010812_1e49f8e960.jpg,5
farm8_7316_13124056934_ae5e15fc5c_b.jpg,5
farm2_1201_4726388343_57249f4942.jpg,5
farm9_8070_8258125521_137c3d235b_b.jpg,5
farm5_4088_4981357167_b0e2298b65_b.jpg,5
farm1_617_22132134741_9845a33716_b.jpg,5
farm6_5539_12268592753_35580969ef.jpg,5
farm5_4035_4711063841_2d3d74ab3f_b.jpg,5
farm8_7414_27442709692_8e6d8abaa4_b.jpg,5
farm5_4142_4884509401_1e243d3fc1.jpg,5
farm1_153_419690706_4e12b083eb.jpg,5
farm9_8313_7961195454_0d2e291bac_b.jpg,5
farm8_7194_27432363042_5cc36e4d07_b.jpg,5
farm1_119_292926437_b906abac55.jpg,5
farm3_2006_5817232584_3dc829137d.jpg,5
farm5_4047_4448152077_a48168180a.jpg,5
farm9_8164_7692747602_5a1e957d3f_b.jpg,5
farm8_7498_26945099154_76e25dcd5b_b.jpg,5
farm6_5553_13696541504_53a2f7a444_b.jpg,5
farm1_49_139612849_c93ddd7efb_b.jpg,5
farm8_7227_27470303251_b3b3a49471_b.jpg,5
farm6_5070_5647281991_020dcbc604_b.jpg,5
farm9_8093_8521437558_e1266f4e84.jpg,5
farm6_5211_5476726187_cd46488734.jpg,5
farm8_7459_11557787086_feefb48587_b.jpg,5
farm5_4033_4710767081_78d10a3943_b.jpg,5
farm4_3706_13691614133_2fef1da9ca_b.jpg,5
farm3_2052_2354295456_38902c02ba.jpg,5
farm3_2892_9542772018_cc77066b24.jpg,5
farm9_8246_8476185138_7898f66017.jpg,5
farm8_7002_6462414721_31ee686ea7.jpg,5
farm2_1084_1475462487_f2cf7b4a53.jpg,5
farm4_3057_2882666616_48f6a48918_b.jpg,5
farm9_8295_7944958972_38cf6a98dd.jpg,5
farm2_1505_23365577903_d06a528b14_b.jpg,5
farm4_3807_10359914866_0245f1a928_b.jpg,5
farm4_3124_2627441333_5bd5730db2_b.jpg,5
farm6_5203_5253388554_bc36896252.jpg,5
farm9_8075_8256638857_62cc8cb870_b.jpg,5
farm6_5684_21428793010_1fcd68b2a2_b.jpg,5
farm8_7437_9308433297_a32120a1a9_b.jpg,5
farm4_3312_3590131381_871ccf41ea.jpg,5
farm4_3655_3585183829_1a0f89d425.jpg,5
farm9_8059_8211260453_239d84be29.jpg,5
farm8_7402_27291716760_872df07579_b.jpg,5
farm8_7062_6962788739_20d5250117.jpg,5
farm3_2109_2316304502_4526b56fe3.jpg,5
farm9_8129_8998078200_ba8f10a05d.jpg,5
farm8_7129_27533371596_417dbbb9a0_b.jpg,5
farm5_4031_4712795466_0e98d64ed0_b.jpg,5
farm2_1392_1237289938_54813865a4.jpg,5
farm4_3509_3962153392_85afdfb625.jpg,5
farm4_3348_3453857625_285b243fe1.jpg,5
farm2_1389_1303002877_e9cbeea73b.jpg,5
farm3_2034_1571542987_7be4f76e84.jpg,5
farm1_17_20729870_b5ff507570_b.jpg,5
farm5_4038_4657266678_8ee8d8aea2.jpg,5
farm5_4085_5087112450_13b82e01c0.jpg,5
farm4_3619_3510085565_a53fa8a7fd_b.jpg,5
farm8_7214_27437327682_7816c476cf_b.jpg,5
farm9_8296_7965377930_28db4b2bf3_b.jpg,5
farm7_6016_5909385348_af29ce5f50.jpg,5
farm7_6178_6192893174_7a07493f63.jpg,5
farm4_3581_3420812900_d40823af98.jpg,5
farm9_8367_8556284241_60a436318a_b.jpg,5
farm8_7327_27500175156_482ceb05f5_b.jpg,5
farm9_8298_8009939111_c8f7278bd1.jpg,5
farm6_5826_21629243765_9df95be973_b.jpg,5
farm6_5684_22639253514_52c8cb8c26_b.jpg,5
farm1_605_21439229110_622cb42758_b.jpg,5
farm7_6008_5878036080_28a395315c.jpg,5
farm4_3329_3248095282_26a698c329.jpg,5
farm3_2809_10366980275_ab05ebedb3_b.jpg,5
farm8_7329_27450580592_e09ab7b024_b.jpg,5
farm2_1505_23365577903_d06a528b14_b.jpg,5
farm6_5251_5555941758_ff3a2b6c29_b.jpg,5
farm9_8155_7695019082_8bbec640e2_b.jpg,5
farm7_6206_6057528676_e99e743b49.jpg,5
farm3_2558_5718802903_9ecbe162ec_b.jpg,5
farm3_2391_2175210602_704d48ac7d.jpg,5
farm8_7130_26949161914_6d5b87c2a1_b.jpg,5
farm8_7081_7070009905_dc7d88e508.jpg,5
farm4_3046_3022510655_5559410b72_b.jpg,5
farm8_7089_7358865828_4404edb38f.jpg,5
